finish_order_bracket_mean,bracket_no
2.0842024191308304,1
3.1916494643612423,2
3.373718499065704,3
3.5928350482924056,4
4.005208168934061,5
4.29465057989406,6
